number,name,zone,manu,description,time,maps,image
1,จางล่าเมี่ยน Zhanglamian,A,"จางล่าเมี่ยน Zhanglamian, โปรนิสิตเมนูข้าวซอยข้นคนจางไก",จางล่าเมี่ยน Zhānglàmiàn หรือ บะหมี่รสเผ็ดตระกูลจาง เส้นเหนียวนุ่ม ทานคู่กับซอสรสเผ็ด  บวกกับกลิ่นหอม ๆ จากพริกล่าเจียวโหย่ว (Làjiāo yóu) ที่ช่วยชูรสชาติให้อาหารจานนี้โดดเด่นยิ่งขึ้น หรือซุปเนื้อตุ๋นหมูตุ๋นรสต้นตำรับสูตรคุณย่าแท้ ๆ ก็น่าลองไม่แพ้กัน เปิดให้บริการทุกวัน 10:00 - 22:00,https://maps.app.goo.gl/UpGq5mp5bpRSi4q69,https://drive.google.com/open?id=1h6-IZ1PoO0akY8l7V66AxjXBJmPQ9aTP
2,หลงหลูเว่ย,A,"หลูเว่ย",หลงหลูเว่ย (龍滷味) TaiwanStreetFood มีของตุ๋น ของสด ผัก เส้น หลากหลายให้เลือกได้ตามใจชอบ น้ำซุปหอมสมุนไพร รสชาติกลมกล่อม ดีต่อสุขภาพ เสิร์ฟพร้อมกับน้ำจิ้มรสเด็ด ,เปิดให้บริการทุกวัน 11:00 - 21:00,https://maps.app.goo.gl/LGzE6cKype7kCXpp8,https://drive.google.com/open?id=10wxgBIq9cv9E4ll3fdYPVzF_uAHU1rjT,,,,,,,,,,,,,,,,
3,ข้าวมันไก่เจ๊ปุ๋ย,B,ข้าวมันไก่ต้ม,"เปิดมากกว่า 40 ปี ทำสดใหม่ทุกวัน ไก่ต้มนื้อนุ่มไม่แห้ง ไม่ใส่ผงชูรส ทานคู่กับข้าวมันหอม ๆ  และน้ำจิ้มที่ใช้พริกสดขิงสดรสชาติสดใหม่ 
",เปิดให้บริการทุกวัน 7:00-23:00 ,https://maps.app.goo.gl/k6TER2FrXC6Pa7Qo8,https://drive.google.com/open?id=1xJv4_O0rQBzVGrYwLZN6wC2IVHE3j5xu,,,,,,,,,,,,,,,,
4,เจ๊นงค์นักชงมืออาชีพ,B,ชาไทยปังกรอบวิปครีม,ร้านของหวานที่รวมเมนูอาหาร เครื่องดื่ม และ ขนมปัง อิ่มครบจบที่ร้านเจ๊นงค์นักชงมืออาชีพ น้ำหวานชงด้วยใจ และประสบการณ์ชงอันโชกโชน ของหวานอร่อยทุกเมนูกินคู่กับน้ำหวาน น้ำตาลคูณสอง พลังคูณสิบ,"วันจันทร์ - วันเสาร์ 7:00 - 22:30, วันอาทิตย์ 7:00 - 16:00",https://maps.app.goo.gl/ak6677ESgWfrihzs7,https://drive.google.com/open?id=13TxRXtlmAkfWZxvyyOb_BzG9NTFgy9M3,,,,,,,,,,,,,,,,
5,เจ๊ฝนคั่วไก่,B,"ก๋วยเตี๋ยวคั่วไก่, คั่วไก่ทาโร่ ","เปิดมากว่า 30 ปี ก๋วยเตี๋ยวคั่วไก่หอมกลิ่นกระทะ รสชาติเข้มข้น เส้นเหนียวนุ่มพอดี ไก่ไม่แห้ง และก๋วยเตี๋ยวคั่วไก่ยังเสิร์ฟมาพร้อมกับซุปกระดูกหมูร้อนๆ หอม กลมกล่อม ใครชอบคั่วไก่ขอท้าให้ลองเจ๊ฝนคั่วไก่
",เปิดให้บริการทุกวัน 10:00 - 21:30,https://maps.app.goo.gl/K26YSWpCwR5Wt6XW6,https://drive.google.com/file/d/189uAAsFdLXNPv3Ja-TFB4L54w6UPSezY/view?usp=drive_link,,,,,,,,,,,,,,,,
6,"
เจ๊วรรณ
",B,"เต้าฮวยนมสด, บัวลอยน้ำขิง, นมสดเฉาก๊วยโรยผงไมโล
",เปิดมานานกว่า 30 ปี น้ำเต้าหู้ใช้ถั่วเหลืองซีก 100 เปอร์เซ็นต์ ไม่ผสมนมผง ไม่ผสมถั่วลิสง  รสชาติถั่วเหลืองแท้ๆ อร่อยชัวร์แบบ authentic ดีต่อสุขภาพ ใครมาถึงบรรทัดทองต้องลองเจ๊วรรณ,15:00 - 23:00 (หยุดวันอาทิตย์),https://maps.app.goo.gl/jPjx5JmZwwbQX93C6,https://drive.google.com/open?id=1hpkZD6I6FoIVQtdJaKIS8n50Gl245AIw,,,,,,,,,,,,,,,,
7,พาสต้าจุฬา ,B,"พาสต้าผัดกระเทียมพริกแห้ง,พาสต้าครีมเพสโต้ใส่กุ้ง
","มีพาสต้าหลากหลายเอาใจคนชอบเส้นสไตล์ฝรั่ง ซอสครีมนัวๆ ซอสมะเขือเทศกลมกล่อม หรือแบบผัดก็เข้มข้น ราคาย่อมเยา ให้เยอะ อร่อย รสชาติถูกปากคนไทย
",เปิดให้บริการทุกวัน 17:00 - 22:00,https://maps.app.goo.gl/VtjnqaB6WQ615WB36,https://drive.google.com/file/d/1FJO0OLOe9N4bPLs-n8YlRoEXj6g0dmhp/view?usp=drive_link,,,,,,,,,,,,,,,,
8,"ริมสวน (โต๊ะส้ม)
",B,"ข้าวผัดกุ้ง
",โต๊ะส้มโดดเด่น แต่อาจไม่เท่ากับอาหารที่เมนูหลากหลาย รสชาติอร่อย ครั้งหนึ่งในชีวิตเด็กจุฬาต้องไม่พลาดลองเช็กอินโต๊ะส้มสักครั้ง,เปิดให้บริการทุกวัน 16:30 - 1:00,https://maps.app.goo.gl/hPcq2NGxFoCC5R8Y6,https://drive.google.com/open?id=1Jp2MrzVsmhYa3LGD7sCaEAkitruoeq0m,,,,,,,,,,,,,,,,
9,ส้มตำสามสาวมิดไนท์,B,ตำป่า,ร้านตั้งอยู่ตรงหัวมุมตึกเก่า มีป้ายร้านสีส้มเด่นชัด ส้มตำรสแซ่บ เมนูย่างรสเริ่ด เมนูยำรสเด็ด หากได้ลองครบก็จะได้ทั้งแซ่บ เริ่ด เด็ด ครบทุกรสในราคาจับต้องได้,เปิดให้บริการทุกวัน 14:00 - 23:00,https://maps.app.goo.gl/P6RHT5x44HjT9a7p8,https://drive.google.com/open?id=1vfzr25xK3m1TWUue4MDPTWdtIDoFtIvp,,,,,,,,,,,,,,,,
10,ส้มส้ม เกาเหลาหมูตุ๋นยาจีน,B,"ก๋วยจั๊บน้ำใส, เกาเหลาหมูตุ๋น
","ร้านเก่าแก่ เกาเหลาหมูตุ๋นยาจีนหอมเครื่องยาจีนเตะจมูก รสชาติเข้มข้น ซดคล่องคอ เนื้อหมูตุ๋นจนเปื่อย หรือจะเป็นสายน้ำใสก็อร่อยไม่แพ้กัน ซุปหอม ๆ รสชาติกลมกล่อม ซดคล่องคอไม่แพ้ยาจีน
","7:00 – 12:30, 16:00 – 22:00 (หยุดทุกวันอาทิตย์)",https://maps.app.goo.gl/fF63QNPu3oUQVeAG8,https://drive.google.com/file/d/1uC4T0O_K815CcrnUm2BMvzDC_A63vnWG/view?usp=drive_link,,,,,,,,,,,,,,,,
11,"เสน่ห์ลาบก้อย
",B,"เนื้อเสือร้องไห้ย่าง, ต้มแซ่บหมู",สีผนังของร้านที่โดดเด่นสะดุดตาด้วยสีเขียวนีออนสะท้อนแสง และรสเนื้อย่างที่ใครก็บอกว่าเด็ด เนื้อนุ่ม หอมกลิ่นย่าง เบา ๆ อาหารอีสานรสชาติต้นตำรับ เข้มข้น นัว หาใครทำเหมือนไม่ได้,เปิดให้บริการทุกวัน 16:00 - 23:00,https://maps.app.goo.gl/atFrPSCfqe1Meadx6,https://drive.google.com/open?id=1P9NGxIhPVb2K7mNATPFXtPJC_q9A1M3A,,,,,,,,,,,,,,,,
12,24.5 Space,C,"Cold drip, Black Ice, Earl Grey Milk Tea",เป็นร้านกาแฟ Specialty เล็ก ๆ บรรยากาศสบาย ๆ มีเมล็ดกาแฟให้เลือกหลากหลาย และมีน้องหมาแสนรู้ประจำอยู่ที่ร้าน,เปิดให้บริการทุกวัน 7:00-18:00 ,https://maps.app.goo.gl/MdasYyBN5KhwdfzCA,https://drive.google.com/file/d/1ED7AvLcKkehUbRmIJdvoacHQuua2TtzI/view?usp=drive_link,,,,,,,,,,,,,,,,
13,ก๋วยเตี๋ยวเป็ดรสเด็ดสามย่าน,C,"ก๋วยเตี๋ยวเป็ด, เกาเหลาเป็ดตุ๋นหม้อดิน
","เปิดมากว่า60 ปี บะหมี่เส้นแบน ซุปพะโล้หอม หวาน เค็ม รสชาติกลมกล่อม เนื้อเป็ดเนื้อนุ่ม ตุ๋นจนเปื่อย ไม่มีกลิ่นสาบ
",7:00 - 16:00 (หยุดทุกวันศุกร์),https://maps.app.goo.gl/ZyygSxMFUPCqtbsP7,,,,,,,,,,,,,,,,,
14,"ก๋วยเตี๋ยวเรือนายเกรียง สามย่าน
",C,"ก๋วยเตี๋ยวหมูน้ำตก 
","ก๋วยเตี๋ยวเรืออร่อย ไม่ต้องพึ่งเครื่องปรุง รสชาติน้ำซุปเข้มข้น กลิ่นหอม เครื่องจุก ๆ
",เปิดให้บริการทุกวัน 10:00 - 20:00,https://maps.app.goo.gl/3j4Ytx7HwcZVMryu7,https://drive.google.com/open?id=1S2HqOQoAba5LjywBDXizjQ7A8oOgwlYR,,,,,,,,,,,,,,,,
15,ข้าวมันไก่สองสีสามย่าน ,C,"ข้าวมันไก่ ข้าวไก่ทอด ข้าวมันไก่สองสี
","ร้านเก่าแก่เปิดมากว่า 60 ปี ตั้งแต่ พ.ศ. 2508 การันตีรสชาติด้วยประสบการณ์การทำข้าวมันไก่ของเจ้าของร้านที่ขายมาตั้งแต่อายุ 17 จนตอนนี้อายุ 70 ไก่ต้มเนื้อนุ่ม ไก่ทอดกรอบ ๆ ทานคู่กับข้าวมันร้อน ๆ ที่ทั้งหอม ทั้งกลมกล่อม กับน้ำซุปใสซดคล่องคอ
",เปิดให้บริการทุกวัน 7:00 - 16:00,https://maps.app.goo.gl/t7CkuRXfpNEKQoSS8,https://drive.google.com/file/d/1DFajBNs1NkAFx-u3JIM7Cc1vTm36F8Rz/view?usp=drive_link,,,,,,,,,,,,,,,,
16,ข้าวหมกไก่สามย่าน,C,"ข้าวหมกไก่, ข้าวหมกเนื้อ, ซุปแซ่บไก่, ก๋วยเตี๋ยวเนื้อ",เปิดให้บริการมายาวนานกว่า 20 ปี ราคาย่อมเยา รสชาติอร่อยทานง่าย ข้าวหมกรสกลมกล่อมจัดเต็มเครื่องเทศ ทานคู่กับเมนูซุปไก่แซ่บ ซดแล้วคล่องคอ หรือก๋วยเตี๋ยวเนื้อรสเข้มข้น,7:00-15:00 (หยุดทุกวันอาทิตย์),https://g.co/kgs/dGQd4XW,https://drive.google.com/open?id=1Kd5Nldmt0eLZLE4vM8bNOm9B3RNAoaFG,,,,,,,,,,,,,,,,
17,"ครัวจุฬา 48 
",C,"หมูกรอบพริกเกลือ ไข่ข้นปูผัดผงกะหรี่
",ร้านอาหารตามสั่งเมนูหลากหลาย รสชาติเข้มข้น ราคาเอาใจนิสิต และคนวัยทำงาน เป็น Comfort Food ที่มัดใจคนในย่าน เด่นดังเรื่องการทำเมนูไข่ข้นผงกะหรี่ ไข่นุ่ม ๆ ผัดผงกะหรี่ นัว ๆ เหยาะพริกน้ำปลาเพิ่มความกลมกล่อม หรือจะเป็นเมนูคั่วพริกเกลือหอม ๆ ข้าวสวยร้อน ๆ ก็อร่อยไม่แพ้ใคร,วันจันทร์ - วันศุกร์ 9:00 - 20:30 (หยุดทุกวันเสาร์ - วันอาทิตย์),https://maps.app.goo.gl/t7CkuRXfpNEKQoSS8,,,,,,,,,,,,,,,,,
18,"เค้กต้นกก​สามย่าน
",C,"เค้ก​ส้ม ​เค้ก​ช็อกโกแลต
","เค้กหน้านิ่มที่อยู่คู่สามย่าน ยาวนานกว่า 20 ปี รสชาติเนื้อเค้กหวานกำลังดี บวกกับซอสบนหน้านิ่มที่เป็นเอกลักษณ์ ไม่ว่าจะถามใครในสามย่าน หากพูกถึงเค้กหน้านิ่ม ร้านต้นกกสามย่านต้องเป็นตัวเลือกลำดับแรกอย่างแน่นอน
",เปิดให้บริการทุกวัน 9:00 - 20:00,https://maps.app.goo.gl/g25EfnpiQCekMsu18,https://drive.google.com/open?id=17umGlDSsV7d0WCxisAhDBbLsofV5IMrf,,,,,,,,,,,,,,,,
19,เจ๊นา คิทเช่น,C,"เนื้อปูก้อนผัดผงกะหรี่ หมึกกล้วยไข่เค็ม ข้าวผัดเนื้อปูก้ามแด
","เริ่มจากการเป็นแผงสดในตลาดสามย่านมากกว่า 50 ปี ต่อยอดด้วยการเปิดเป็นร้านอาหารของตนเอง ใช้วัตถุดิบสดๆของเราเอง ซอสปรุงเองโฮมเมดวัตถุดิบพรีเมี่ยม คัดแต่ของดีของอร่อยให้ได้ทานกันในราคาย่อมเยา
",เปิดให้บริการทุกวัน 9:30 - 19:30,https://maps.app.goo.gl/RpurcJZifh5JZu1FA,https://drive.google.com/open?id=1NPCQx1MX0dieu4Yzga3yIhk_iwgasVvG,,,,,,,,,,,,,,,,
20,เจ๊หุย สุกี้โบราณ Hui Suki ,C,"ปอเปี๊ยะสวรรค์, หมูหมักไข่ตอก","บุฟเฟต์สุกี้โบราณ สูตรต้นตำรับทางร้านที่เปิดมากกว่า 18 ปี เนื้อหมูเนื้อวัวหมักนุ่มสูตรพิเศษ น้ำซุปกลมกล่อม เป็นสุกี้ที่คนในย่าน และนิสิตจุฬาต่างต้องเคยลิ้มลอง
",เปิดให้บริการทุกวัน 11:00 - 23:00,https://maps.app.goo.gl/KGzjehVnRHggvA9g7,https://drive.google.com/open?id=1V-J1V-SRmzkLZ9avE8UQo_ZBSo5v07a1,,,,,,,,,,,,,,,,
21,เจ๊แหม่มอาหารตามสั่ง,C,หมูกรอบผัดผงกะหรี่,ร้านอาหารตามสั่งเมนูหลากหลาย อยากกินแบบไหนไม่ต้องกลัวไม่มี ขอแค่กล้าสั่ง รสชาติเข้มข้น ปริมาณคุ้มค่า ราคาเอาใจนิสิต และคนวัยทำงาน,เปิดให้บริการทุกวัน 10:30 - 21:30,https://maps.app.goo.gl/nc47H6ZDR1Hr8tM36,https://drive.google.com/open?id=1sUS4-6mcNsaQCaPDENrBoKPKXWSEWhHD,,,,,,,,,,,,,,,,
22,เจ๊แอนคอหมูย่าง,C,"คอหมูย่าง , ส้มตำไทยไข่เค็ม , ต้มแซ่บกระดูกอ่อน , คอหมูน้ำตก",เป็นร้านอาหารอีสานเก่าแก่ที่เปิดมานานถึง 50 ปี ที่มีเมนูเด็ดคือคอหมูย่าง-คอหมูทอดที่เสิร์ฟคู่กับน้ำจิ้มมะขามสูตรเด็ด กินคู่กับข้าวเหนียวรับรองว่านัวสุดๆ ราคาไม่แพงเข้าถึงง่าย,เปิดบริการทุกวัน 11:00 - 22:00,https://maps.app.goo.gl/EuoYqV18Q4x2inrJ6,https://drive.google.com/file/d/1cVIq5qeq15_IIhpCEfLmH6SiI-yC53CM/view?usp=drive_link,,,,,,,,,,,,,,,,
23,"โจ๊กทองหล่อ
",C,"โจ๊กทรงเครื่องสามสหาย, ข้าวต้มแห้งหมูตุ๋น","ร้านโจ๊กห้องแอร์ โจ๊กทรงเครื่องเครื่องแน่น ๆ ข้าวเนียนนุ่ม กลิ่นหอมข้าว และน้ำซุปรสชาติกลมกล่อม หมูตุ๋นเนื้อฉ่ำ ใครได้ลองแล้วจะติดใจ
",วันจันทร์ - วันเสาร์ 7:00 - 20:00 (หยุดวันอาทิตย์),https://maps.app.goo.gl/Y4gzxm26xm54eSo99,https://drive.google.com/open?id=16qprb6EvbRynk9YHh-lfHcPBG-xLqgY5,,,,,,,,,,,,,,,,
24,"ซอย 6 โภชนา Soi 6 Pochana
",C,"บะหมี่แห้งหมูสามอย่าง, บะหมี่หน้าเป็ดย่าง, ข้าวหน้าเป็ดย่าง
","ร้านอาหารเปิดมากว่า 60 ปี มีทั้งหมูกรอบ หมูแดง เป็ดย่าง เมนูหลากหลาย หมูกรอบกรอบจริงจัง หมูแดงเนื้อฉ่ำ เป็ดย่างเนื้อนุ่มไม่มีกลิ่นสาบ ทานคู่กับข้าวสวยร้อน ๆ ราดซอสของแต่ละเมนู อิ่ม อร่อย ในราคาย่อมเยา
",เปิดให้บริการทุกวัน 7:30 - 23:00,https://maps.app.goo.gl/iAvrzfve7M1VRTT58,,,,,,,,,,,,,,,,,
25,"ตรอกหมูกรอบ
",C,ข้าวหมูกรอบพริกเกลือ ข้าวหมื่นลี้หมูกรอบ ,"เปิดมา 10 กว่าปี หมูกรอบกรอบยันโลกหน้า รสชาติเข้มข้นทุกเมนูไม่ได้มีดีแค่หมูกรอบ ราคาดี คุณภาพล้น ใครผ่านมาอยากให้ลิ้มลองหากยังไม่ว่างเดินมากินข้าว เดินมาทักทายเล่นก็ยังดี
","เปิดให้บริการทุกวัน 10:30 - 20:00 (หยุดปีใหม่, สงกรานต์)",https://maps.app.goo.gl/4DtTG34cWRShRqPN9,,,,,,,,,,,,,,,,,
26,ที.สพูน (T.Spoon),C,"หมูกรอบคั่วพริกเกลือ, หมื่นลี้, ไข่ข้นกะเพราหมูสับ, ไก่ผัดเม็ดมะม่วง",ร้านอาหารคู่นิสิตจุฬา และคนในพื้นที่ เปิดให้บริการมานานกว่า 20 ปี จุดเด่นคือข้าวสีฟ้าที่หุงโดยผสมน้ำดอกอัญชัน และข้าวสีเหลืองที่หุงด้วยน้ำดอกคำฝอย ซึ่งเป็นที่นิยมในหมู่นิสิต และพนักงานมิตรทาวน์,วันจันทร์ - วันเสาร์ 9:00 - 20:30 (หยุดทุกวันอาทิตย์),https://maps.app.goo.gl/BKDbdiMb2VVJVtre9,https://drive.google.com/open?id=1Lf_bMw70NG1gZSiAzcj08kTWk2R8gkZ_,,,,,,,,,,,,,,,,
27,ทูเดย์สเต๊กสามย่าน Today Steak,C,ทูเดย์รวม สเต๊กหมูพริกไทยดำ,สเต๊กจานใหญ่ เนื้อชิ้นโต อร่อยเต็มคำ เมนูหลากหลาย ราคาคุ้มค่าเอาใจสายกิน,เปิดให้บริการทุกวัน 10:00 - 22:30,https://maps.app.goo.gl/2qSaTEsSc4zbvPm38,https://drive.google.com/file/d/1dcNhFP3PrXT9fUFcCvQjsn56WWRiDUfV/view?usp=drive_link,,,,,,,,,,,,,,,,
28,"เทนอิชิ (Tenichi Japanese Restaurant
",C,"ชุดทงคัตสึ เสริฟพร้อมข้าวญี่ปุ่น ซุปมิโซะ และ ผัก, ชุดหมูทงเทกิ เสริฟพร้อมข้าวญี่ปุ่น ซุปมิโซะ และ ผัก
","แต่ละเมนูทำด้วยใจรัก ต้องการให้ลูกค้ามาทานให้รู้สึกอบอุ่น เหมือนครอบครัวญี่ปุ่นมาทำอาหารให้ คุณภาพอาหารเกินราคา วัตถุดิบอย่างดี รสชาติกลมกล่อม ราคานิสิต
",เปิดให้บริการทุกวัน 11:00 - 21:30,https://maps.app.goo.gl/MTsxvfztojS1KJkX7,https://drive.google.com/open?id=1GPbmMcgfmx4H9lK_2yjAKSBfN1uuaj8T,,,,,,,,,,,,,,,,
29,พี่นาเอแคลร์,C,"เอแคลร์ไส้วานิลลาครีม
",ร้านขนมหวานครอบครัวของที่เปิดขายมานานกว่า 30 ปีที่สามย่าน ตัวเอแคลร์มีขนาดพอดีคำ รสหวานกำลังดี แป้งบางพอดีกับปริมาณไส้,เปิดให้บริการทุกวัน 8:00 - 16:00,https://maps.app.goo.gl/T1xcfryVctYGfup67,https://drive.google.com/open?id=1jcWGSL-v7AbKEPWjF_opcoqoF_yHfi4n,,,,,,,,,,,,,,,,
30,"ร้านขนมนิสา1980 (Nisa 1980)
",C,"เอแคลร์, ทาร์ตมะพร้าว, คุ๊กกี้, บานอฟฟี่, ช็อคไร้แป้งสตอเบอร์รี่ครีมสด, บลูเบอร์รี่ชีสเค้กหน้าไหม้","ร้านขายเบเกอรี่ที่เริ่มจากอาม่า เริ่มทำขนมมาตั้งแต่ปี 1980 องค์ความรู้ด้านขนมโดยเรียนจากอาจารย์ทำขนมจากญี่ปุ่น และอาจารย์ท่านอื่น ๆ ประกอบกับอาม่ามีลูก ๆ ที่หัดทำขนมด้วยตั้งแต่เด็ก และศึกษาเพิ่มเติมโดยตลอด จึงมีขนมเบเกอรี่ที่หลากหลาย ทั้งยุคอาม่าและขนมยุคใหม่ถูกใจน้อง ๆ ตอบโจทย์คนทานทุกวัย ราคาและคุณภาพวัตถุดิบแบบทำให้ครอบครัวทาน 
",วันอังคาร - วันศุกร์ 7:30 - 14:00 (หยุดทุกวันเสาร์ - วันจันทร์) หากต้องการทานอะไรเป็นพิเศษสามารถโทรมาแจ้งก่อนล่วงหน้า,https://maps.app.goo.gl/28Z7cHNfAX5zp2Jq7,https://drive.google.com/open?id=1fu3KSOyrzKVA7XrrUuaL_aTN2by9DoVJ,,,,,,,,,,,,,,,,
31,ร้านอาหารเจอบอุ่น,C,ข้าวผัดหนำเลี๊ยบเจ,ร้านอาหารเจเจ้าดังย่านสามย่าน ด้วยรสชาติที่อร่อยแม้ไม่มีเนื้อสัตว์ และเมนูเจที่หลากหลายทั้งอาหารจานเดียว และเมนูกับข้าว ร้านอาหารเจอบอุ่นจึงเป็นตัวเลือกอันดับ 1 ในชุมชนสามย่านสำหรับผู้ที่ไม่ทานเนื้อสัตว์,"วันจันทร์ - วันเสาร์ 8:00 - 18:00, วันอาทิตย์ 8:00 - 14:00",https://maps.app.goo.gl/rATGL7MVrMeEiNUB9,https://drive.google.com/open?id=1bF6dcZL1j5-v5-zuMPmWK2_s6FAwdHRh,,,,,,,,,,,,,,,,
32,หมูตุ๋นสามย่าน Mootoon samyan,C,ข้าวหมูตุ๋น กะเพราหมูตุ๋น ก๋วยเตี๋ยวหมูตุ๋น,"เปิดมากว่า 20 กว่าปี รสชาติต้นตำรับ จุดเด่นของร้านคือ หมูตุ๋นที่นำชายโครงหมู มาตุ๋นกับยาจีนใช้เวลาประมาณ 6 ชั่วโมง เนื้อหมูจึงเปื่อย หอมยาจีนทั้งชิ้น ซดพร้อมกับซุปยาจีน อิ่ม อร่อย สบายท้อง
",เปิดให้บริการทุกวัน 6:00 - 13:30,https://maps.app.goo.gl/TYbzpxnmhBiS6rFM8,https://drive.google.com/open?id=1uUM3-RwR1yuZ7y1dGoImB9_cA9l3eIJ_,,,,,,,,,,,,,,,,
33,อ้วนผอมสเต๊ก สาขาจุฬา 50,C,"พอร์คกระดองเบอร์ , ไก่อลาสก้า, ก็อดฟาเธอร์เนื้อ
","เปิดให้บริการมานาน คู่กับตลาดสามย่าน สเต็กเนื้อถูกปรุงมาอย่างดี รสชาติเข้มข้น ให้เยอะพร้อมเครื่องเคียงแน่น ๆ ในราคาที่ย่อมเยา 
",เปิดให้บริการทุกวัน 10:00 – 21:00,https://maps.app.goo.gl/8y6jLsJpws4F4hdUA,https://drive.google.com/file/d/1dcNhFP3PrXT9fUFcCvQjsn56WWRiDUfV/view?usp=drive_link,,,,,,,,,,,,,,,,
34,อ้วนผอมสเต๊ก สาขาตลาดสามย่าน,C,"พอร์คกระดองเบอร์ , ไก่อลาสก้า, ก็อดฟาเธอร์เนื้อ
","เปิดให้บริการมานาน คู่กับตลาดสามย่าน สเต็กเนื้อถูกปรุงมาอย่างดี รสชาติเข้มข้น ให้เยอะพร้อมเครื่องเคียงแน่น ๆ ในราคาที่ย่อมเยา 
",เปิดให้บริการทุกวัน 10:00 – 21:00,https://maps.app.goo.gl/LZ4Q6vnDffGXkYiV8,https://drive.google.com/file/d/1dcNhFP3PrXT9fUFcCvQjsn56WWRiDUfV/view?usp=drive_link,,,,,,,,,,,,,,,,
35,"อิ่มจังอาหารตามสั่ง
",C,"หมูกรอบราดพริกสด, ข้าวผัดหนำเลี้ยบ, ก๋วยเตี๋ยวหมูสับ (ซอสแดง)","ร้านอาหารตามสั่งเมนูหลากหลาย รสชาติเข้มข้น ราคาเอาใจนิสิต และคนวัยทำงาน เป็น Comfort Food ที่มัดใจคนในย่าน ใครมากินนอกจากอร่อย และถูกแล้วต่างพูดกันเป็นเสียงเดียวว่า ‘อิ่มจัง
",เปิดให้บริการทุกวัน 11:00 - 22:00,https://maps.app.goo.gl/34ei7mAaXCBnWnbUA,https://drive.google.com/open?id=15vVsrXm4xlfrX5PYJAgQX518WonBRRsZ,,,,,,,,,,,,,,,,
36,เฮียเบิร์ด หมูกระทะ (HIABIRD MOOKRATA),C,"ชุดหมูกระทะ, เนื้อออสเตรเลีย, ข้าวผัดพริกเกลือ, มะนาวซ่า",ร้านหมูกระทะที่คุ้มที่สุดในละแวกจุฬาฯ ด้วยบริการผักฟรี เปลี่ยนเตาฟรี เติมถ่านฟรี และมีน้ำจิ้มให้เลือกถึง 9 อย่าง มีราคาที่ย่อมเยา เฮียเบิร์ด หมูกระทะ จึงเป็น 1 ในตัวเลือกแรก ๆ สำหรับนิสิตที่ต้องการหมูกระทะมาเยียวยาจิตใจ,เปิดให้บริการทุกวัน 16:30 - 22:30,https://maps.app.goo.gl/gdfZDNmFCLvntA4h6,https://drive.google.com/open?id=16QUAJT-8FBtgdzTjEd91BZhFyKNBIk5M,,,,,,,,,,,,,,,,
37,Curry Boy,C,คัตสึคาเร (ข้าวแกงกะหรี่หมูทอด),"ร้าน Curry Boy เป็นร้านข้าวแกงกะหรี่ญี่ปุ่นที่อยู่คู่ U Center มานานกว่า 20 ปี นอกจากข้าวแกงกะหรี่ ทางร้านก็มีเมนูอาหารญี่ปุ่นอื่นๆ และด้วยวัตถุดิบคุณภาพ กับราคาย่อมเยา ร้าน Curry Boy จึงเป็นร้านอาหารญี่ปุ่นอันดับแรก ๆ ในใจนิสิตจุฬา
",11:00 - 20:30 (หยุดทุกวันอาทิตย์),https://maps.app.goo.gl/4q713nY4JxFQ6rWu7,https://drive.google.com/open?id=1ogIxI9_Vg2qgj_-AVpevqnK9OYNsoO0f,,,,,,,,,,,,,,,,
38,"Eattention Please
",C,"กาแฟน้ำมะพร้าว, มัทฉะน้ำมะพร้าว, ชาไทย, กาแฟน้ำส้ม, ข้าวไข่ข้นไก่กรอบคั่วพริกเกลือ, สปาเกตตี้พริกแห้งเบคอน, ข้าวไข่ข้นกุ้ง, ข้าวเบคอนซอสญี่ปุ่นไข่ออนเซ็น, Basque burnt cheesecake, Salted caramel brownie","เป็นคาเฟ่ใจกลางสามย่าน ซอยจุฬาฯ50 เป็นคาเฟ่สไตล์เกาหลี มีพร้อมทั้งเครื่องดื่ม อาหารและเบเกอรี่ที่หลากหลาย อีกทั้งยังมีสถานที่ที่เป็น Co-working spaceให้กับลูกค้าที่ต้องการใช้พื้นที่ในการทำงานหรืออ่านหนังสือ นอกจากนี้ยังมีพื้นที่สำหรับจัดกิจกรรมต่างๆ เช่น Event birthday cafe, Workshop, Studio, ประชุมสัมมนา",เปิดให้บริการทุกวัน 8:30 - 20:30,https://maps.app.goo.gl/erHtCWyqgyKnW18YA,https://drive.google.com/open?id=11qKTmrYxVI6AUgO7yUJalArqvKaN4p2o,,,,,,,,,,,,,,,,
39,Entrance Coffeehouse & Studio,C,"Dirty, Tiramisu latte, Honey Yogurt, Earl grey peach",คอฟฟี่เฮ้าส์ของชุมชนสามย่านที่เปิดให้บริการในชุมชนสามย่านมานานกว่า 13 ปี ได้เข้าร่วมกิจกรรมอาสาเพื่อคนในชุมชน เช่น งานคริสต์มาสชุมชนสามย่าน อีกทั้งยังเป็นพาร์ทเนอร์กับสามย่านนิวเจน ที่ทำงานอาสากับเด็กในชุมชน และ Deeperlife church ที่เปิดเป็นคริสตจักรในวันอาทิตย์ เอนทรานซ์ คอฟฟี่เฮ้าส์แอนด์สตูดิโอ คือพื้นที่ที่เปิดโอกาสให้ผู้คนได้มีส่วนร่วมในการพัฒนาชุมชนและเป็นพื้นที่ปลอดภัย และยังมีส่วนโปรโมชั่นส่วนลดเครื่องดื่มสำหรับนักเรียน และนักศึกษาอีกด้วย,7:30 - 20:30 (หยุดทุกวันอาทิตย์),https://maps.app.goo.gl/U21LgTMTRYxQPPe17,https://drive.google.com/open?id=1NjGHak_wHGELavBVALBKqI2lB7Pso-3u,,,,,,,,,,,,,,,,
40,JOHNNY Food & Drink ,C,"ข้าวหมื่นลี้, ข้าวผัดเจแปน, ออส่วนหอยนางรม
","ร้านอาหารตามสั่งเมนูหลากหลายให้เลือกสรร รสชาติอร่อยทุกเมนู ราคาย่อมเยา
",10:30 - 21:00 (หยุดทุกวันอาทิตย์),https://maps.app.goo.gl/gHqMiQrnKjgSvRJA9,https://drive.google.com/open?id=1dJ7DKsTgF9MB3MLY_OLRKMd_qMltAPTB,,,,,,,,,,,,,,,,
41,PING BKK GELATO,C,"เจลาโต้รสน้องแมวสามรสชาติ, วนิลาคุ้กกี้คาราเมล, ชาโคลโอรีโอ้, ช็อคโกแลตพีนัทบัตเตอร์","ร้านไอศกรีมเจลาโต้บรรยากาศอบอุ่นที่มีน้องแมวมานั่งฮีลใจ มีไอศกรีมเจลาโต้ที่เป็นเอกลักษณ์หลากหลายราชาติ สามารถลองชิมรสชาติเจลาโต้ก่อนเลือกซื้อได้
",11:30 - 22:00 (หยุดทุกวันอาทิตย์),https://maps.app.goo.gl/88GxxMArZu5A4pCg9,https://drive.google.com/open?id=1A9JXTncOssSJGpRFIYvi4DGBs_dm3V51,,,,,,,,,,,,,,,,
42,Power of Cups (POCs),C,"Biscoff Latte, น้ำส้มคั้นสด, มัทฉะ
","พื้นที่ปล่อยวางความวุ่นวาย และเติมพลังใจให้กับเรื่องต่าง ๆ เครื่องดื่มอร่อยชงด้วยใจ เค้กรสชาติดีราคาจับต้องได้สำหรับนิสิต ใช้วัตถุดิบคุณภาพดี ใส่ใจกับรายละเอียดทั้งการตกแต่ง และการบริการ
","จันทร์ - ศุกร์ 7:00 - 18:00, เสาร์ - อาทิตย์ 8:00 - 18:00",https://maps.app.goo.gl/ZVFeyHnASegBgcci6,https://drive.google.com/open?id=1_u4NnUpNb6QDLRwmKRfm5c6tA5UUVLr1,,,,,,,,,,,,,,,,
43,Skip Samyan สกิพ สามย่าน ,C,"อาหารเซ็ต, ยำทะเลดิบ, ครีมไข่กุ้ง, สลัดหมูม้วน, หมูทอดน้ำพริกเผ
",อาหารญี่ปุ่นราคานักศึกษา เมนูหลากหลาย รสชาติกลมกล่อม Comfort Food คนในย่าน และนิสิตจุฬา หากเถียงกับเพื่อนไม่รู้จะทานอะไร ร้านสกิพมีครบทุกความต้องการ,เปิดให้บริการทุกวัน 11:00 - 20:30,https://maps.app.goo.gl/tctXRruqnAsttoFF6,https://drive.google.com/open?id=1BXxvNu8-mmM8_YJOwyLoK_w54GqVx6Pr,,,,,,,,,,,,,,,,
44,Sloth Coffee Bar,C,Iced Caffe Cream Latte,ร้านกาแฟและเครื่องดื่มเล็กๆแต่อบอุ่นในโครงการ U Center 1 ที่มีเจ้าของ 3 คน เป็นพ่อแม่ลูก ที่เปิดร้านนี้มาจาก ‘ความสุข’ จึงอยากจะส่งมอบสิ่งนี้ผ่านเครื่องดื่มที่ตั้งใจชงในทุกๆแก้ว ด้วยการใส่ใจในรายละเอียดการเลือกวัตถุดิบที่ดี สะอาด รสชาติดี และไม่มีสารกันบูด,"วันจันทร์ - วันศุกร์ 7:30 - 16:30, วันเสาร์ 9:00 - 16:30 (หยุดทุกวันอาทิตย์)",https://maps.app.goo.gl/rrKAm418wUxG3Cw59,https://drive.google.com/open?id=1CBLt4-uRZhBo9biOOVjSCIiOackEns70,,,,,,,,,,,,,,,,
45,Suki Samyan (สุกี้สามย่าน),C,"สุกี้แห้ง, สุกี้น้ำ",เปิดมากว่า 65 ปี น้ำจิ้มสุกี้รสชาติเข้มข้น กลมกล่อม เป็นเอกลักษณ์เฉพาะของร้าน เครื่องแน่น ๆ ทั้งเส้นนุ่ม ๆ เนื้อไม่กั๊ก ผักสดใหม่ ใครอยากลิ้มลองรสชาติต้นตำรับสุกี้ต้องแวะมาสุกี้สามย่าน,"สาขาหัวมุมจุฬา 50 เปิดให้บริการทุกวัน 6.00 - 14.00
สาขาตรงข้าม Slow Combo  หยุดทุกวันเสาร์ เปิด 10:00 - 21:00 ",https://g.co/kgs/xpwCQDR,https://drive.google.com/file/d/1JsZFh62HPth_XfDc9URpBatqJlQMupNJ/view?usp=drive_link,,,,,,,,,,,,,,,,
46,Sweet Peach Cafe สวีทพีชคาเฟ่,C,"Matcha Latte, Coffee Malt, Strawberry Shortcake, Tiramisu",ร้านขนมหวาน เค้กโฮมเมด รสชาติอร่อย กรีกโยเกิร์ตไม่เติมน้ำตาลสำหรับสายเฮลตี้ ภายในร้านตกแต่งน่ารัก อยู่ใกล้จุฬา และสามย่านมิตรทาวน์,เปิดให้บริการทุกวัน 6:30 - 20:00,https://maps.app.goo.gl/japHo6qZavjmaz2P7,https://drive.google.com/open?id=1Ad1i1Zx9F39uxe-vtH1-Xh4WX5M2hqv9,,,,,,,,,,,,,,,,
47,ประชาธิปไตยกินได้ Delicious Democracy,D,ก๋วยเตี๋ยวต้มยำหมูกรอบ ข้าวยำใบชาพม่า ,ร้านที่นำสูตรมาจากร้านก๋วยเตี๋ยวกัญชา จากร้านแถวหอพัก U Center ที่เคยประสบปัญหาค่าเช่าแพง ผู้ก่อตั้งคือ แฟรงค์ เนติวิทย์ โชติภัทร์ไพศาล นอกจากนี้ชั้นบนยังเป็นพื้นที่จัดกิจกรรมต่าง ๆ ที่สนับสนุนประชาธิปไตย เช่น เสวนา ,วันจันทร์ - ศุกร์ 11:00 - 19:00 (หยุดทุกวันเสาร์ - วันอาทิตย์),https://maps.app.goo.gl/9FV5Sq7VZE4yDLwM9,https://drive.google.com/open?id=1lsadr4XlMp0BPfdq4s-S_2bfoBAtGKc_,,,,,,,,,,,,,,,,
48,เฮียตี๋ใหญ่กระทะร้อน@สามย่าน,D,"หอยทอดกระทะร้อน, ผัดไทยกุ้งสด, หมูกรอบคั่วพริกเกลือไข่ดาว, กะเพราหมูสับไข่ดาว",ร้านอาหารที่สามารถทานได้ทุกวันด้วยเมนูที่หลากหลาย และรสชาติที่คุ้นเคย ร้านเปิดดึกเอาใจชาวหิวดึก และชาวโต้รุ่ง,ทุกวัน 10:00 - 23:00,https://maps.app.goo.gl/EVfiAcwdKhVN7xPPA,https://drive.google.com/open?id=10rFmwFla5bIWH9UoI5WjP6LNvogKwYG6,,,,,,,,,,,,,,,,
49,เฮียตี๋ใหญ่กระทะร้อน@นเรศ,D,"หอยทอดกระทะร้อน, ผัดไทยกุ้งสด, หมูกรอบคั่วพริกเกลือไข่ดาว, กะเพราหมูสับไข่ดาว",ร้านอาหารที่สามารถทานได้ทุกวันด้วยเมนูที่หลากหลาย และรสชาติที่คุ้นเคย ร้านเปิดดึกเอาใจชาวหิวดึก และชาวโต้รุ่ง,ทุกวัน 10:00 - 21:30,https://maps.app.goo.gl/xV8e8fZPKY4XNvim8,https://drive.google.com/open?id=10rFmwFla5bIWH9UoI5WjP6LNvogKwYG6,,,,,,,,,,,,,,,,
,,,,,,,,,,,,,,,,,,,,,,,
,,,,,,,,,,,,,,,,,,,,,,,
,,,,,,,,,,,,,,,,,,,,,,,
,,,,,,,,,,,,,,,,,,,,,,,
,,,,,,,,,,,,,,,,,,,,,,,
,,,,,,,,,,,,,,,,,,,,,,,
,,,,,,,,,,,,,,,,,,,,,,,
,,,,,,,,,,,,,,,,,,,,,,,
,,,,,,,,,,,,,,,,,,,,,,,
,,,,,,,,,,,,,,,,,,,,,,,
,,,,,,,,,,,,,,,,,,,,,,,
,,,,,,,,,,,,,,,,,,,,,,,
,,,,,,,,,,,,,,,,,,,,,,,
,,,,,,,,,,,,,,,,,,,,,,,
,,,,,,,,,,,,,,,,,,,,,,,
,,,,,,,,,,,,,,,,,,,,,,,
,,,,,,,,,,,,,,,,,,,,,,,
,,,,,,,,,,,,,,,,,,,,,,,
,,,,,,,,,,,,,,,,,,,,,,,
,,,,,,,,,,,,,,,,,,,,,,,
,,,,,,,,,,,,,,,,,,,,,,,
,,,,,,,,,,,,,,,,,,,,,,,
,,,,,,,,,,,,,,,,,,,,,,,
,,,,,,,,,,,,,,,,,,,,,,,
,,,,,,,,,,,,,,,,,,,,,,,
,,,,,,,,,,,,,,,,,,,,,,,
,,,,,,,,,,,,,,,,,,,,,,,
,,,,,,,,,,,,,,,,,,,,,,,
,,,,,,,,,,,,,,,,,,,,,,,
,,,,,,,,,,,,,,,,,,,,,,,
,,,,,,,,,,,,,,,,,,,,,,,
,,,,,,,,,,,,,,,,,,,,,,,
,,,,,,,,,,,,,,,,,,,,,,,
,,,,,,,,,,,,,,,,,,,,,,,
,,,,,,,,,,,,,,,,,,,,,,,
,,,,,,,,,,,,,,,,,,,,,,,
,,,,,,,,,,,,,,,,,,,,,,,
,,,,,,,,,,,,,,,,,,,,,,,
,,,,,,,,,,,,,,,,,,,,,,,
,,,,,,,,,,,,,,,,,,,,,,,
,,,,,,,,,,,,,,,,,,,,,,,
,,,,,,,,,,,,,,,,,,,,,,,
,,,,,,,,,,,,,,,,,,,,,,,
,,,,,,,,,,,,,,,,,,,,,,,
,,,,,,,,,,,,,,,,,,,,,,,
,,,,,,,,,,,,,,,,,,,,,,,
,,,,,,,,,,,,,,,,,,,,,,,
,,,,,,,,,,,,,,,,,,,,,,,
,,,,,,,,,,,,,,,,,,,,,,,
,,,,,,,,,,,,,,,,,,,,,,,
,,,,,,,,,,,,,,,,,,,,,,,
,,,,,,,,,,,,,,,,,,,,,,,
,,,,,,,,,,,,,,,,,,,,,,,
,,,,,,,,,,,,,,,,,,,,,,,
,,,,,,,,,,,,,,,,,,,,,,,
,,,,,,,,,,,,,,,,,,,,,,,
,,,,,,,,,,,,,,,,,,,,,,,
,,,,,,,,,,,,,,,,,,,,,,,
,,,,,,,,,,,,,,,,,,,,,,,
,,,,,,,,,,,,,,,,,,,,,,,
,,,,,,,,,,,,,,,,,,,,,,,
,,,,,,,,,,,,,,,,,,,,,,,
,,,,,,,,,,,,,,,,,,,,,,,
,,,,,,,,,,,,,,,,,,,,,,,
,,,,,,,,,,,,,,,,,,,,,,,
,,,,,,,,,,,,,,,,,,,,,,,
,,,,,,,,,,,,,,,,,,,,,,,
,,,,,,,,,,,,,,,,,,,,,,,
,,,,,,,,,,,,,,,,,,,,,,,
,,,,,,,,,,,,,,,,,,,,,,,
,,,,,,,,,,,,,,,,,,,,,,,
,,,,,,,,,,,,,,,,,,,,,,,
,,,,,,,,,,,,,,,,,,,,,,,
,,,,,,,,,,,,,,,,,,,,,,,
,,,,,,,,,,,,,,,,,,,,,,,
,,,,,,,,,,,,,,,,,,,,,,,
,,,,,,,,,,,,,,,,,,,,,,,
,,,,,,,,,,,,,,,,,,,,,,,
,,,,,,,,,,,,,,,,,,,,,,,
,,,,,,,,,,,,,,,,,,,,,,,
,,,,,,,,,,,,,,,,,,,,,,,
,,,,,,,,,,,,,,,,,,,,,,,
,,,,,,,,,,,,,,,,,,,,,,,
,,,,,,,,,,,,,,,,,,,,,,,
,,,,,,,,,,,,,,,,,,,,,,,
,,,,,,,,,,,,,,,,,,,,,,,
,,,,,,,,,,,,,,,,,,,,,,,
,,,,,,,,,,,,,,,,,,,,,,,
,,,,,,,,,,,,,,,,,,,,,,,
,,,,,,,,,,,,,,,,,,,,,,,
,,,,,,,,,,,,,,,,,,,,,,,
,,,,,,,,,,,,,,,,,,,,,,,
,,,,,,,,,,,,,,,,,,,,,,,
,,,,,,,,,,,,,,,,,,,,,,,
,,,,,,,,,,,,,,,,,,,,,,,
,,,,,,,,,,,,,,,,,,,,,,,
,,,,,,,,,,,,,,,,,,,,,,,
,,,,,,,,,,,,,,,,,,,,,,,
,,,,,,,,,,,,,,,,,,,,,,,
,,,,,,,,,,,,,,,,,,,,,,,
,,,,,,,,,,,,,,,,,,,,,,,
,,,,,,,,,,,,,,,,,,,,,,,
,,,,,,,,,,,,,,,,,,,,,,,
,,,,,,,,,,,,,,,,,,,,,,,
,,,,,,,,,,,,,,,,,,,,,,,
,,,,,,,,,,,,,,,,,,,,,,,
,,,,,,,,,,,,,,,,,,,,,,,
,,,,,,,,,,,,,,,,,,,,,,,
,,,,,,,,,,,,,,,,,,,,,,,
,,,,,,,,,,,,,,,,,,,,,,,
,,,,,,,,,,,,,,,,,,,,,,,
,,,,,,,,,,,,,,,,,,,,,,,
,,,,,,,,,,,,,,,,,,,,,,,
,,,,,,,,,,,,,,,,,,,,,,,
,,,,,,,,,,,,,,,,,,,,,,,
,,,,,,,,,,,,,,,,,,,,,,,
,,,,,,,,,,,,,,,,,,,,,,,
,,,,,,,,,,,,,,,,,,,,,,,
,,,,,,,,,,,,,,,,,,,,,,,
,,,,,,,,,,,,,,,,,,,,,,,
,,,,,,,,,,,,,,,,,,,,,,,
,,,,,,,,,,,,,,,,,,,,,,,
,,,,,,,,,,,,,,,,,,,,,,,
,,,,,,,,,,,,,,,,,,,,,,,
,,,,,,,,,,,,,,,,,,,,,,,
,,,,,,,,,,,,,,,,,,,,,,,
,,,,,,,,,,,,,,,,,,,,,,,
,,,,,,,,,,,,,,,,,,,,,,,
,,,,,,,,,,,,,,,,,,,,,,,
,,,,,,,,,,,,,,,,,,,,,,,
,,,,,,,,,,,,,,,,,,,,,,,
,,,,,,,,,,,,,,,,,,,,,,,
,,,,,,,,,,,,,,,,,,,,,,,
,,,,,,,,,,,,,,,,,,,,,,,
,,,,,,,,,,,,,,,,,,,,,,,
,,,,,,,,,,,,,,,,,,,,,,,
,,,,,,,,,,,,,,,,,,,,,,,
,,,,,,,,,,,,,,,,,,,,,,,
,,,,,,,,,,,,,,,,,,,,,,,
,,,,,,,,,,,,,,,,,,,,,,,
,,,,,,,,,,,,,,,,,,,,,,,
,,,,,,,,,,,,,,,,,,,,,,,
,,,,,,,,,,,,,,,,,,,,,,,
,,,,,,,,,,,,,,,,,,,,,,,
,,,,,,,,,,,,,,,,,,,,,,,
,,,,,,,,,,,,,,,,,,,,,,,
,,,,,,,,,,,,,,,,,,,,,,,
,,,,,,,,,,,,,,,,,,,,,,,
,,,,,,,,,,,,,,,,,,,,,,,
,,,,,,,,,,,,,,,,,,,,,,,
,,,,,,,,,,,,,,,,,,,,,,,
,,,,,,,,,,,,,,,,,,,,,,,
,,,,,,,,,,,,,,,,,,,,,,,
,,,,,,,,,,,,,,,,,,,,,,,
,,,,,,,,,,,,,,,,,,,,,,,
,,,,,,,,,,,,,,,,,,,,,,,
,,,,,,,,,,,,,,,,,,,,,,,
,,,,,,,,,,,,,,,,,,,,,,,
,,,,,,,,,,,,,,,,,,,,,,,
,,,,,,,,,,,,,,,,,,,,,,,
,,,,,,,,,,,,,,,,,,,,,,,
,,,,,,,,,,,,,,,,,,,,,,,
,,,,,,,,,,,,,,,,,,,,,,,
,,,,,,,,,,,,,,,,,,,,,,,
,,,,,,,,,,,,,,,,,,,,,,,
,,,,,,,,,,,,,,,,,,,,,,,
,,,,,,,,,,,,,,,,,,,,,,,
,,,,,,,,,,,,,,,,,,,,,,,
,,,,,,,,,,,,,,,,,,,,,,,
,,,,,,,,,,,,,,,,,,,,,,,
,,,,,,,,,,,,,,,,,,,,,,,
,,,,,,,,,,,,,,,,,,,,,,,
,,,,,,,,,,,,,,,,,,,,,,,
,,,,,,,,,,,,,,,,,,,,,,,
,,,,,,,,,,,,,,,,,,,,,,,
,,,,,,,,,,,,,,,,,,,,,,,
,,,,,,,,,,,,,,,,,,,,,,,
,,,,,,,,,,,,,,,,,,,,,,,
,,,,,,,,,,,,,,,,,,,,,,,
,,,,,,,,,,,,,,,,,,,,,,,
,,,,,,,,,,,,,,,,,,,,,,,
,,,,,,,,,,,,,,,,,,,,,,,
,,,,,,,,,,,,,,,,,,,,,,,
,,,,,,,,,,,,,,,,,,,,,,,
,,,,,,,,,,,,,,,,,,,,,,,
,,,,,,,,,,,,,,,,,,,,,,,
,,,,,,,,,,,,,,,,,,,,,,,
,,,,,,,,,,,,,,,,,,,,,,,
,,,,,,,,,,,,,,,,,,,,,,,
,,,,,,,,,,,,,,,,,,,,,,,
,,,,,,,,,,,,,,,,,,,,,,,
,,,,,,,,,,,,,,,,,,,,,,,
,,,,,,,,,,,,,,,,,,,,,,,
,,,,,,,,,,,,,,,,,,,,,,,
,,,,,,,,,,,,,,,,,,,,,,,
,,,,,,,,,,,,,,,,,,,,,,,
,,,,,,,,,,,,,,,,,,,,,,,
,,,,,,,,,,,,,,,,,,,,,,,
,,,,,,,,,,,,,,,,,,,,,,,
,,,,,,,,,,,,,,,,,,,,,,,
,,,,,,,,,,,,,,,,,,,,,,,
,,,,,,,,,,,,,,,,,,,,,,,
,,,,,,,,,,,,,,,,,,,,,,,
,,,,,,,,,,,,,,,,,,,,,,,
,,,,,,,,,,,,,,,,,,,,,,,
,,,,,,,,,,,,,,,,,,,,,,,
,,,,,,,,,,,,,,,,,,,,,,,
,,,,,,,,,,,,,,,,,,,,,,,
,,,,,,,,,,,,,,,,,,,,,,,
,,,,,,,,,,,,,,,,,,,,,,,
,,,,,,,,,,,,,,,,,,,,,,,
,,,,,,,,,,,,,,,,,,,,,,,
,,,,,,,,,,,,,,,,,,,,,,,
,,,,,,,,,,,,,,,,,,,,,,,
,,,,,,,,,,,,,,,,,,,,,,,
,,,,,,,,,,,,,,,,,,,,,,,
,,,,,,,,,,,,,,,,,,,,,,,
,,,,,,,,,,,,,,,,,,,,,,,
,,,,,,,,,,,,,,,,,,,,,,,
,,,,,,,,,,,,,,,,,,,,,,,
,,,,,,,,,,,,,,,,,,,,,,,
,,,,,,,,,,,,,,,,,,,,,,,
,,,,,,,,,,,,,,,,,,,,,,,
,,,,,,,,,,,,,,,,,,,,,,,
,,,,,,,,,,,,,,,,,,,,,,,
,,,,,,,,,,,,,,,,,,,,,,,
,,,,,,,,,,,,,,,,,,,,,,,
,,,,,,,,,,,,,,,,,,,,,,,
,,,,,,,,,,,,,,,,,,,,,,,
,,,,,,,,,,,,,,,,,,,,,,,
,,,,,,,,,,,,,,,,,,,,,,,
,,,,,,,,,,,,,,,,,,,,,,,
,,,,,,,,,,,,,,,,,,,,,,,
,,,,,,,,,,,,,,,,,,,,,,,
,,,,,,,,,,,,,,,,,,,,,,,
,,,,,,,,,,,,,,,,,,,,,,,
,,,,,,,,,,,,,,,,,,,,,,,
,,,,,,,,,,,,,,,,,,,,,,,
,,,,,,,,,,,,,,,,,,,,,,,
,,,,,,,,,,,,,,,,,,,,,,,
,,,,,,,,,,,,,,,,,,,,,,,
,,,,,,,,,,,,,,,,,,,,,,,
,,,,,,,,,,,,,,,,,,,,,,,
,,,,,,,,,,,,,,,,,,,,,,,
,,,,,,,,,,,,,,,,,,,,,,,
,,,,,,,,,,,,,,,,,,,,,,,
,,,,,,,,,,,,,,,,,,,,,,,
,,,,,,,,,,,,,,,,,,,,,,,
,,,,,,,,,,,,,,,,,,,,,,,
,,,,,,,,,,,,,,,,,,,,,,,
,,,,,,,,,,,,,,,,,,,,,,,
,,,,,,,,,,,,,,,,,,,,,,,
,,,,,,,,,,,,,,,,,,,,,,,
,,,,,,,,,,,,,,,,,,,,,,,
,,,,,,,,,,,,,,,,,,,,,,,
,,,,,,,,,,,,,,,,,,,,,,,
,,,,,,,,,,,,,,,,,,,,,,,
,,,,,,,,,,,,,,,,,,,,,,,
,,,,,,,,,,,,,,,,,,,,,,,
,,,,,,,,,,,,,,,,,,,,,,,
,,,,,,,,,,,,,,,,,,,,,,,
,,,,,,,,,,,,,,,,,,,,,,,
,,,,,,,,,,,,,,,,,,,,,,,
,,,,,,,,,,,,,,,,,,,,,,,
,,,,,,,,,,,,,,,,,,,,,,,
,,,,,,,,,,,,,,,,,,,,,,,
,,,,,,,,,,,,,,,,,,,,,,,
,,,,,,,,,,,,,,,,,,,,,,,
,,,,,,,,,,,,,,,,,,,,,,,
,,,,,,,,,,,,,,,,,,,,,,,
,,,,,,,,,,,,,,,,,,,,,,,
,,,,,,,,,,,,,,,,,,,,,,,
,,,,,,,,,,,,,,,,,,,,,,,
,,,,,,,,,,,,,,,,,,,,,,,
,,,,,,,,,,,,,,,,,,,,,,,
,,,,,,,,,,,,,,,,,,,,,,,
,,,,,,,,,,,,,,,,,,,,,,,
,,,,,,,,,,,,,,,,,,,,,,,
,,,,,,,,,,,,,,,,,,,,,,,
,,,,,,,,,,,,,,,,,,,,,,,
,,,,,,,,,,,,,,,,,,,,,,,
,,,,,,,,,,,,,,,,,,,,,,,
,,,,,,,,,,,,,,,,,,,,,,,
,,,,,,,,,,,,,,,,,,,,,,,
,,,,,,,,,,,,,,,,,,,,,,,
,,,,,,,,,,,,,,,,,,,,,,,
,,,,,,,,,,,,,,,,,,,,,,,
,,,,,,,,,,,,,,,,,,,,,,,
,,,,,,,,,,,,,,,,,,,,,,,
,,,,,,,,,,,,,,,,,,,,,,,
,,,,,,,,,,,,,,,,,,,,,,,
,,,,,,,,,,,,,,,,,,,,,,,
,,,,,,,,,,,,,,,,,,,,,,,
,,,,,,,,,,,,,,,,,,,,,,,
,,,,,,,,,,,,,,,,,,,,,,,
,,,,,,,,,,,,,,,,,,,,,,,
,,,,,,,,,,,,,,,,,,,,,,,
,,,,,,,,,,,,,,,,,,,,,,,
,,,,,,,,,,,,,,,,,,,,,,,
,,,,,,,,,,,,,,,,,,,,,,,
,,,,,,,,,,,,,,,,,,,,,,,
,,,,,,,,,,,,,,,,,,,,,,,
,,,,,,,,,,,,,,,,,,,,,,,
,,,,,,,,,,,,,,,,,,,,,,,
,,,,,,,,,,,,,,,,,,,,,,,
,,,,,,,,,,,,,,,,,,,,,,,
,,,,,,,,,,,,,,,,,,,,,,,
,,,,,,,,,,,,,,,,,,,,,,,
,,,,,,,,,,,,,,,,,,,,,,,
,,,,,,,,,,,,,,,,,,,,,,,
,,,,,,,,,,,,,,,,,,,,,,,
,,,,,,,,,,,,,,,,,,,,,,,
,,,,,,,,,,,,,,,,,,,,,,,
,,,,,,,,,,,,,,,,,,,,,,,
,,,,,,,,,,,,,,,,,,,,,,,
,,,,,,,,,,,,,,,,,,,,,,,
,,,,,,,,,,,,,,,,,,,,,,,
,,,,,,,,,,,,,,,,,,,,,,,
,,,,,,,,,,,,,,,,,,,,,,,
,,,,,,,,,,,,,,,,,,,,,,,
,,,,,,,,,,,,,,,,,,,,,,,
,,,,,,,,,,,,,,,,,,,,,,,
,,,,,,,,,,,,,,,,,,,,,,,
,,,,,,,,,,,,,,,,,,,,,,,
,,,,,,,,,,,,,,,,,,,,,,,
,,,,,,,,,,,,,,,,,,,,,,,
,,,,,,,,,,,,,,,,,,,,,,,
,,,,,,,,,,,,,,,,,,,,,,,
,,,,,,,,,,,,,,,,,,,,,,,
,,,,,,,,,,,,,,,,,,,,,,,
,,,,,,,,,,,,,,,,,,,,,,,
,,,,,,,,,,,,,,,,,,,,,,,
,,,,,,,,,,,,,,,,,,,,,,,
,,,,,,,,,,,,,,,,,,,,,,,
,,,,,,,,,,,,,,,,,,,,,,,
,,,,,,,,,,,,,,,,,,,,,,,
,,,,,,,,,,,,,,,,,,,,,,,
,,,,,,,,,,,,,,,,,,,,,,,
,,,,,,,,,,,,,,,,,,,,,,,
,,,,,,,,,,,,,,,,,,,,,,,
,,,,,,,,,,,,,,,,,,,,,,,
,,,,,,,,,,,,,,,,,,,,,,,
,,,,,,,,,,,,,,,,,,,,,,,
,,,,,,,,,,,,,,,,,,,,,,,
,,,,,,,,,,,,,,,,,,,,,,,
,,,,,,,,,,,,,,,,,,,,,,,
,,,,,,,,,,,,,,,,,,,,,,,
,,,,,,,,,,,,,,,,,,,,,,,
,,,,,,,,,,,,,,,,,,,,,,,
,,,,,,,,,,,,,,,,,,,,,,,
,,,,,,,,,,,,,,,,,,,,,,,
,,,,,,,,,,,,,,,,,,,,,,,
,,,,,,,,,,,,,,,,,,,,,,,
,,,,,,,,,,,,,,,,,,,,,,,
,,,,,,,,,,,,,,,,,,,,,,,
,,,,,,,,,,,,,,,,,,,,,,,
,,,,,,,,,,,,,,,,,,,,,,,
,,,,,,,,,,,,,,,,,,,,,,,
,,,,,,,,,,,,,,,,,,,,,,,
,,,,,,,,,,,,,,,,,,,,,,,
,,,,,,,,,,,,,,,,,,,,,,,
,,,,,,,,,,,,,,,,,,,,,,,
,,,,,,,,,,,,,,,,,,,,,,,
,,,,,,,,,,,,,,,,,,,,,,,
,,,,,,,,,,,,,,,,,,,,,,,
,,,,,,,,,,,,,,,,,,,,,,,
,,,,,,,,,,,,,,,,,,,,,,,
,,,,,,,,,,,,,,,,,,,,,,,
,,,,,,,,,,,,,,,,,,,,,,,
,,,,,,,,,,,,,,,,,,,,,,,
,,,,,,,,,,,,,,,,,,,,,,,
,,,,,,,,,,,,,,,,,,,,,,,
,,,,,,,,,,,,,,,,,,,,,,,
,,,,,,,,,,,,,,,,,,,,,,,
,,,,,,,,,,,,,,,,,,,,,,,
,,,,,,,,,,,,,,,,,,,,,,,
,,,,,,,,,,,,,,,,,,,,,,,
,,,,,,,,,,,,,,,,,,,,,,,
,,,,,,,,,,,,,,,,,,,,,,,
,,,,,,,,,,,,,,,,,,,,,,,
,,,,,,,,,,,,,,,,,,,,,,,
,,,,,,,,,,,,,,,,,,,,,,,
,,,,,,,,,,,,,,,,,,,,,,,
,,,,,,,,,,,,,,,,,,,,,,,
,,,,,,,,,,,,,,,,,,,,,,,
,,,,,,,,,,,,,,,,,,,,,,,
,,,,,,,,,,,,,,,,,,,,,,,
,,,,,,,,,,,,,,,,,,,,,,,
,,,,,,,,,,,,,,,,,,,,,,,
,,,,,,,,,,,,,,,,,,,,,,,
,,,,,,,,,,,,,,,,,,,,,,,
,,,,,,,,,,,,,,,,,,,,,,,
,,,,,,,,,,,,,,,,,,,,,,,
,,,,,,,,,,,,,,,,,,,,,,,
,,,,,,,,,,,,,,,,,,,,,,,
,,,,,,,,,,,,,,,,,,,,,,,
,,,,,,,,,,,,,,,,,,,,,,,
,,,,,,,,,,,,,,,,,,,,,,,
,,,,,,,,,,,,,,,,,,,,,,,
,,,,,,,,,,,,,,,,,,,,,,,
,,,,,,,,,,,,,,,,,,,,,,,
,,,,,,,,,,,,,,,,,,,,,,,
,,,,,,,,,,,,,,,,,,,,,,,
,,,,,,,,,,,,,,,,,,,,,,,
,,,,,,,,,,,,,,,,,,,,,,,
,,,,,,,,,,,,,,,,,,,,,,,
,,,,,,,,,,,,,,,,,,,,,,,
,,,,,,,,,,,,,,,,,,,,,,,
,,,,,,,,,,,,,,,,,,,,,,,
,,,,,,,,,,,,,,,,,,,,,,,
,,,,,,,,,,,,,,,,,,,,,,,
,,,,,,,,,,,,,,,,,,,,,,,
,,,,,,,,,,,,,,,,,,,,,,,
,,,,,,,,,,,,,,,,,,,,,,,
,,,,,,,,,,,,,,,,,,,,,,,
,,,,,,,,,,,,,,,,,,,,,,,
,,,,,,,,,,,,,,,,,,,,,,,
,,,,,,,,,,,,,,,,,,,,,,,
,,,,,,,,,,,,,,,,,,,,,,,
,,,,,,,,,,,,,,,,,,,,,,,
,,,,,,,,,,,,,,,,,,,,,,,
,,,,,,,,,,,,,,,,,,,,,,,
,,,,,,,,,,,,,,,,,,,,,,,
,,,,,,,,,,,,,,,,,,,,,,,
,,,,,,,,,,,,,,,,,,,,,,,
,,,,,,,,,,,,,,,,,,,,,,,
,,,,,,,,,,,,,,,,,,,,,,,
,,,,,,,,,,,,,,,,,,,,,,,
,,,,,,,,,,,,,,,,,,,,,,,
,,,,,,,,,,,,,,,,,,,,,,,
,,,,,,,,,,,,,,,,,,,,,,,
,,,,,,,,,,,,,,,,,,,,,,,
,,,,,,,,,,,,,,,,,,,,,,,
,,,,,,,,,,,,,,,,,,,,,,,
,,,,,,,,,,,,,,,,,,,,,,,
,,,,,,,,,,,,,,,,,,,,,,,
,,,,,,,,,,,,,,,,,,,,,,,
,,,,,,,,,,,,,,,,,,,,,,,
,,,,,,,,,,,,,,,,,,,,,,,
,,,,,,,,,,,,,,,,,,,,,,,
,,,,,,,,,,,,,,,,,,,,,,,
,,,,,,,,,,,,,,,,,,,,,,,
,,,,,,,,,,,,,,,,,,,,,,,
,,,,,,,,,,,,,,,,,,,,,,,
,,,,,,,,,,,,,,,,,,,,,,,
,,,,,,,,,,,,,,,,,,,,,,,
,,,,,,,,,,,,,,,,,,,,,,,
,,,,,,,,,,,,,,,,,,,,,,,
,,,,,,,,,,,,,,,,,,,,,,,
,,,,,,,,,,,,,,,,,,,,,,,
,,,,,,,,,,,,,,,,,,,,,,,
,,,,,,,,,,,,,,,,,,,,,,,
,,,,,,,,,,,,,,,,,,,,,,,
,,,,,,,,,,,,,,,,,,,,,,,
,,,,,,,,,,,,,,,,,,,,,,,
,,,,,,,,,,,,,,,,,,,,,,,
,,,,,,,,,,,,,,,,,,,,,,,
,,,,,,,,,,,,,,,,,,,,,,,
,,,,,,,,,,,,,,,,,,,,,,,
,,,,,,,,,,,,,,,,,,,,,,,
,,,,,,,,,,,,,,,,,,,,,,,
,,,,,,,,,,,,,,,,,,,,,,,
,,,,,,,,,,,,,,,,,,,,,,,
,,,,,,,,,,,,,,,,,,,,,,,
,,,,,,,,,,,,,,,,,,,,,,,
,,,,,,,,,,,,,,,,,,,,,,,
,,,,,,,,,,,,,,,,,,,,,,,
,,,,,,,,,,,,,,,,,,,,,,,
,,,,,,,,,,,,,,,,,,,,,,,
,,,,,,,,,,,,,,,,,,,,,,,
,,,,,,,,,,,,,,,,,,,,,,,
,,,,,,,,,,,,,,,,,,,,,,,
,,,,,,,,,,,,,,,,,,,,,,,
,,,,,,,,,,,,,,,,,,,,,,,
,,,,,,,,,,,,,,,,,,,,,,,
,,,,,,,,,,,,,,,,,,,,,,,
,,,,,,,,,,,,,,,,,,,,,,,
,,,,,,,,,,,,,,,,,,,,,,,
,,,,,,,,,,,,,,,,,,,,,,,
,,,,,,,,,,,,,,,,,,,,,,,
,,,,,,,,,,,,,,,,,,,,,,,
,,,,,,,,,,,,,,,,,,,,,,,
,,,,,,,,,,,,,,,,,,,,,,,
,,,,,,,,,,,,,,,,,,,,,,,
,,,,,,,,,,,,,,,,,,,,,,,
,,,,,,,,,,,,,,,,,,,,,,,
,,,,,,,,,,,,,,,,,,,,,,,
,,,,,,,,,,,,,,,,,,,,,,,
,,,,,,,,,,,,,,,,,,,,,,,
,,,,,,,,,,,,,,,,,,,,,,,
,,,,,,,,,,,,,,,,,,,,,,,
,,,,,,,,,,,,,,,,,,,,,,,
,,,,,,,,,,,,,,,,,,,,,,,
,,,,,,,,,,,,,,,,,,,,,,,
,,,,,,,,,,,,,,,,,,,,,,,
,,,,,,,,,,,,,,,,,,,,,,,
,,,,,,,,,,,,,,,,,,,,,,,
,,,,,,,,,,,,,,,,,,,,,,,
,,,,,,,,,,,,,,,,,,,,,,,
,,,,,,,,,,,,,,,,,,,,,,,
,,,,,,,,,,,,,,,,,,,,,,,
,,,,,,,,,,,,,,,,,,,,,,,
,,,,,,,,,,,,,,,,,,,,,,,
,,,,,,,,,,,,,,,,,,,,,,,
,,,,,,,,,,,,,,,,,,,,,,,
,,,,,,,,,,,,,,,,,,,,,,,
,,,,,,,,,,,,,,,,,,,,,,,
,,,,,,,,,,,,,,,,,,,,,,,
,,,,,,,,,,,,,,,,,,,,,,,
,,,,,,,,,,,,,,,,,,,,,,,
,,,,,,,,,,,,,,,,,,,,,,,
,,,,,,,,,,,,,,,,,,,,,,,
,,,,,,,,,,,,,,,,,,,,,,,
,,,,,,,,,,,,,,,,,,,,,,,
,,,,,,,,,,,,,,,,,,,,,,,
,,,,,,,,,,,,,,,,,,,,,,,
,,,,,,,,,,,,,,,,,,,,,,,
,,,,,,,,,,,,,,,,,,,,,,,
,,,,,,,,,,,,,,,,,,,,,,,
,,,,,,,,,,,,,,,,,,,,,,,
,,,,,,,,,,,,,,,,,,,,,,,
,,,,,,,,,,,,,,,,,,,,,,,
,,,,,,,,,,,,,,,,,,,,,,,
,,,,,,,,,,,,,,,,,,,,,,,
,,,,,,,,,,,,,,,,,,,,,,,
,,,,,,,,,,,,,,,,,,,,,,,
,,,,,,,,,,,,,,,,,,,,,,,
,,,,,,,,,,,,,,,,,,,,,,,
,,,,,,,,,,,,,,,,,,,,,,,
,,,,,,,,,,,,,,,,,,,,,,,
,,,,,,,,,,,,,,,,,,,,,,,
,,,,,,,,,,,,,,,,,,,,,,,
,,,,,,,,,,,,,,,,,,,,,,,
,,,,,,,,,,,,,,,,,,,,,,,
,,,,,,,,,,,,,,,,,,,,,,,
,,,,,,,,,,,,,,,,,,,,,,,
,,,,,,,,,,,,,,,,,,,,,,,
,,,,,,,,,,,,,,,,,,,,,,,
,,,,,,,,,,,,,,,,,,,,,,,
,,,,,,,,,,,,,,,,,,,,,,,
,,,,,,,,,,,,,,,,,,,,,,,
,,,,,,,,,,,,,,,,,,,,,,,
,,,,,,,,,,,,,,,,,,,,,,,
,,,,,,,,,,,,,,,,,,,,,,,
,,,,,,,,,,,,,,,,,,,,,,,
,,,,,,,,,,,,,,,,,,,,,,,
,,,,,,,,,,,,,,,,,,,,,,,
,,,,,,,,,,,,,,,,,,,,,,,
,,,,,,,,,,,,,,,,,,,,,,,
,,,,,,,,,,,,,,,,,,,,,,,
,,,,,,,,,,,,,,,,,,,,,,,
,,,,,,,,,,,,,,,,,,,,,,,
,,,,,,,,,,,,,,,,,,,,,,,
,,,,,,,,,,,,,,,,,,,,,,,
,,,,,,,,,,,,,,,,,,,,,,,
,,,,,,,,,,,,,,,,,,,,,,,
,,,,,,,,,,,,,,,,,,,,,,,
,,,,,,,,,,,,,,,,,,,,,,,
,,,,,,,,,,,,,,,,,,,,,,,
,,,,,,,,,,,,,,,,,,,,,,,
,,,,,,,,,,,,,,,,,,,,,,,
,,,,,,,,,,,,,,,,,,,,,,,
,,,,,,,,,,,,,,,,,,,,,,,
,,,,,,,,,,,,,,,,,,,,,,,
,,,,,,,,,,,,,,,,,,,,,,,
,,,,,,,,,,,,,,,,,,,,,,,
,,,,,,,,,,,,,,,,,,,,,,,
,,,,,,,,,,,,,,,,,,,,,,,
,,,,,,,,,,,,,,,,,,,,,,,
,,,,,,,,,,,,,,,,,,,,,,,
,,,,,,,,,,,,,,,,,,,,,,,
,,,,,,,,,,,,,,,,,,,,,,,
,,,,,,,,,,,,,,,,,,,,,,,
,,,,,,,,,,,,,,,,,,,,,,,
,,,,,,,,,,,,,,,,,,,,,,,
,,,,,,,,,,,,,,,,,,,,,,,
,,,,,,,,,,,,,,,,,,,,,,,
,,,,,,,,,,,,,,,,,,,,,,,
,,,,,,,,,,,,,,,,,,,,,,,
,,,,,,,,,,,,,,,,,,,,,,,
,,,,,,,,,,,,,,,,,,,,,,,
,,,,,,,,,,,,,,,,,,,,,,,
,,,,,,,,,,,,,,,,,,,,,,,
,,,,,,,,,,,,,,,,,,,,,,,
,,,,,,,,,,,,,,,,,,,,,,,
,,,,,,,,,,,,,,,,,,,,,,,
,,,,,,,,,,,,,,,,,,,,,,,
,,,,,,,,,,,,,,,,,,,,,,,
,,,,,,,,,,,,,,,,,,,,,,,
,,,,,,,,,,,,,,,,,,,,,,,
,,,,,,,,,,,,,,,,,,,,,,,
,,,,,,,,,,,,,,,,,,,,,,,
,,,,,,,,,,,,,,,,,,,,,,,
,,,,,,,,,,,,,,,,,,,,,,,
,,,,,,,,,,,,,,,,,,,,,,,
,,,,,,,,,,,,,,,,,,,,,,,
,,,,,,,,,,,,,,,,,,,,,,,
,,,,,,,,,,,,,,,,,,,,,,,
,,,,,,,,,,,,,,,,,,,,,,,
,,,,,,,,,,,,,,,,,,,,,,,
,,,,,,,,,,,,,,,,,,,,,,,
,,,,,,,,,,,,,,,,,,,,,,,
,,,,,,,,,,,,,,,,,,,,,,,
,,,,,,,,,,,,,,,,,,,,,,,
,,,,,,,,,,,,,,,,,,,,,,,
,,,,,,,,,,,,,,,,,,,,,,,
,,,,,,,,,,,,,,,,,,,,,,,
,,,,,,,,,,,,,,,,,,,,,,,
,,,,,,,,,,,,,,,,,,,,,,,
,,,,,,,,,,,,,,,,,,,,,,,
,,,,,,,,,,,,,,,,,,,,,,,
,,,,,,,,,,,,,,,,,,,,,,,
,,,,,,,,,,,,,,,,,,,,,,,
,,,,,,,,,,,,,,,,,,,,,,,
,,,,,,,,,,,,,,,,,,,,,,,
,,,,,,,,,,,,,,,,,,,,,,,
,,,,,,,,,,,,,,,,,,,,,,,
,,,,,,,,,,,,,,,,,,,,,,,
,,,,,,,,,,,,,,,,,,,,,,,
,,,,,,,,,,,,,,,,,,,,,,,
,,,,,,,,,,,,,,,,,,,,,,,
,,,,,,,,,,,,,,,,,,,,,,,
,,,,,,,,,,,,,,,,,,,,,,,
,,,,,,,,,,,,,,,,,,,,,,,
,,,,,,,,,,,,,,,,,,,,,,,
,,,,,,,,,,,,,,,,,,,,,,,
,,,,,,,,,,,,,,,,,,,,,,,
,,,,,,,,,,,,,,,,,,,,,,,
,,,,,,,,,,,,,,,,,,,,,,,
,,,,,,,,,,,,,,,,,,,,,,,
,,,,,,,,,,,,,,,,,,,,,,,
,,,,,,,,,,,,,,,,,,,,,,,
,,,,,,,,,,,,,,,,,,,,,,,
,,,,,,,,,,,,,,,,,,,,,,,
,,,,,,,,,,,,,,,,,,,,,,,
,,,,,,,,,,,,,,,,,,,,,,,
,,,,,,,,,,,,,,,,,,,,,,,
,,,,,,,,,,,,,,,,,,,,,,,
,,,,,,,,,,,,,,,,,,,,,,,
,,,,,,,,,,,,,,,,,,,,,,,
,,,,,,,,,,,,,,,,,,,,,,,
,,,,,,,,,,,,,,,,,,,,,,,
,,,,,,,,,,,,,,,,,,,,,,,
,,,,,,,,,,,,,,,,,,,,,,,
,,,,,,,,,,,,,,,,,,,,,,,
,,,,,,,,,,,,,,,,,,,,,,,
,,,,,,,,,,,,,,,,,,,,,,,
,,,,,,,,,,,,,,,,,,,,,,,
,,,,,,,,,,,,,,,,,,,,,,,
,,,,,,,,,,,,,,,,,,,,,,,
,,,,,,,,,,,,,,,,,,,,,,,
,,,,,,,,,,,,,,,,,,,,,,,
,,,,,,,,,,,,,,,,,,,,,,,
,,,,,,,,,,,,,,,,,,,,,,,
,,,,,,,,,,,,,,,,,,,,,,,
,,,,,,,,,,,,,,,,,,,,,,,
,,,,,,,,,,,,,,,,,,,,,,,
,,,,,,,,,,,,,,,,,,,,,,,
,,,,,,,,,,,,,,,,,,,,,,,
,,,,,,,,,,,,,,,,,,,,,,,
,,,,,,,,,,,,,,,,,,,,,,,
,,,,,,,,,,,,,,,,,,,,,,,
,,,,,,,,,,,,,,,,,,,,,,,
,,,,,,,,,,,,,,,,,,,,,,,
,,,,,,,,,,,,,,,,,,,,,,,
,,,,,,,,,,,,,,,,,,,,,,,
,,,,,,,,,,,,,,,,,,,,,,,
,,,,,,,,,,,,,,,,,,,,,,,
,,,,,,,,,,,,,,,,,,,,,,,
,,,,,,,,,,,,,,,,,,,,,,,
,,,,,,,,,,,,,,,,,,,,,,,
,,,,,,,,,,,,,,,,,,,,,,,
,,,,,,,,,,,,,,,,,,,,,,,
,,,,,,,,,,,,,,,,,,,,,,,
,,,,,,,,,,,,,,,,,,,,,,,
,,,,,,,,,,,,,,,,,,,,,,,
,,,,,,,,,,,,,,,,,,,,,,,
,,,,,,,,,,,,,,,,,,,,,,,
,,,,,,,,,,,,,,,,,,,,,,,
,,,,,,,,,,,,,,,,,,,,,,,
,,,,,,,,,,,,,,,,,,,,,,,
,,,,,,,,,,,,,,,,,,,,,,,
,,,,,,,,,,,,,,,,,,,,,,,
,,,,,,,,,,,,,,,,,,,,,,,
,,,,,,,,,,,,,,,,,,,,,,,
,,,,,,,,,,,,,,,,,,,,,,,
,,,,,,,,,,,,,,,,,,,,,,,
,,,,,,,,,,,,,,,,,,,,,,,
,,,,,,,,,,,,,,,,,,,,,,,
,,,,,,,,,,,,,,,,,,,,,,,
,,,,,,,,,,,,,,,,,,,,,,,
,,,,,,,,,,,,,,,,,,,,,,,
,,,,,,,,,,,,,,,,,,,,,,,
,,,,,,,,,,,,,,,,,,,,,,,
,,,,,,,,,,,,,,,,,,,,,,,
,,,,,,,,,,,,,,,,,,,,,,,
,,,,,,,,,,,,,,,,,,,,,,,
,,,,,,,,,,,,,,,,,,,,,,,
,,,,,,,,,,,,,,,,,,,,,,,
,,,,,,,,,,,,,,,,,,,,,,,
,,,,,,,,,,,,,,,,,,,,,,,
,,,,,,,,,,,,,,,,,,,,,,,
,,,,,,,,,,,,,,,,,,,,,,,
,,,,,,,,,,,,,,,,,,,,,,,
,,,,,,,,,,,,,,,,,,,,,,,
,,,,,,,,,,,,,,,,,,,,,,,
,,,,,,,,,,,,,,,,,,,,,,,
,,,,,,,,,,,,,,,,,,,,,,,
,,,,,,,,,,,,,,,,,,,,,,,
,,,,,,,,,,,,,,,,,,,,,,,
,,,,,,,,,,,,,,,,,,,,,,,
,,,,,,,,,,,,,,,,,,,,,,,
,,,,,,,,,,,,,,,,,,,,,,,
,,,,,,,,,,,,,,,,,,,,,,,
,,,,,,,,,,,,,,,,,,,,,,,
,,,,,,,,,,,,,,,,,,,,,,,
,,,,,,,,,,,,,,,,,,,,,,,
,,,,,,,,,,,,,,,,,,,,,,,
,,,,,,,,,,,,,,,,,,,,,,,
,,,,,,,,,,,,,,,,,,,,,,,
,,,,,,,,,,,,,,,,,,,,,,,
,,,,,,,,,,,,,,,,,,,,,,,
,,,,,,,,,,,,,,,,,,,,,,,
,,,,,,,,,,,,,,,,,,,,,,,
,,,,,,,,,,,,,,,,,,,,,,,
,,,,,,,,,,,,,,,,,,,,,,,
,,,,,,,,,,,,,,,,,,,,,,,
,,,,,,,,,,,,,,,,,,,,,,,
,,,,,,,,,,,,,,,,,,,,,,,
,,,,,,,,,,,,,,,,,,,,,,,
,,,,,,,,,,,,,,,,,,,,,,,
,,,,,,,,,,,,,,,,,,,,,,,
,,,,,,,,,,,,,,,,,,,,,,,
,,,,,,,,,,,,,,,,,,,,,,,
,,,,,,,,,,,,,,,,,,,,,,,
,,,,,,,,,,,,,,,,,,,,,,,
,,,,,,,,,,,,,,,,,,,,,,,
,,,,,,,,,,,,,,,,,,,,,,,
,,,,,,,,,,,,,,,,,,,,,,,
,,,,,,,,,,,,,,,,,,,,,,,
,,,,,,,,,,,,,,,,,,,,,,,
,,,,,,,,,,,,,,,,,,,,,,,
,,,,,,,,,,,,,,,,,,,,,,,
,,,,,,,,,,,,,,,,,,,,,,,
,,,,,,,,,,,,,,,,,,,,,,,
,,,,,,,,,,,,,,,,,,,,,,,
,,,,,,,,,,,,,,,,,,,,,,,
,,,,,,,,,,,,,,,,,,,,,,,
,,,,,,,,,,,,,,,,,,,,,,,
,,,,,,,,,,,,,,,,,,,,,,,
,,,,,,,,,,,,,,,,,,,,,,,
,,,,,,,,,,,,,,,,,,,,,,,
,,,,,,,,,,,,,,,,,,,,,,,
,,,,,,,,,,,,,,,,,,,,,,,
,,,,,,,,,,,,,,,,,,,,,,,
,,,,,,,,,,,,,,,,,,,,,,,
,,,,,,,,,,,,,,,,,,,,,,,
,,,,,,,,,,,,,,,,,,,,,,,
,,,,,,,,,,,,,,,,,,,,,,,
,,,,,,,,,,,,,,,,,,,,,,,
,,,,,,,,,,,,,,,,,,,,,,,
,,,,,,,,,,,,,,,,,,,,,,,
,,,,,,,,,,,,,,,,,,,,,,,
,,,,,,,,,,,,,,,,,,,,,,,
,,,,,,,,,,,,,,,,,,,,,,,
,,,,,,,,,,,,,,,,,,,,,,,
,,,,,,,,,,,,,,,,,,,,,,,
,,,,,,,,,,,,,,,,,,,,,,,
,,,,,,,,,,,,,,,,,,,,,,,
,,,,,,,,,,,,,,,,,,,,,,,
,,,,,,,,,,,,,,,,,,,,,,,
,,,,,,,,,,,,,,,,,,,,,,,
,,,,,,,,,,,,,,,,,,,,,,,
,,,,,,,,,,,,,,,,,,,,,,,
,,,,,,,,,,,,,,,,,,,,,,,
,,,,,,,,,,,,,,,,,,,,,,,
,,,,,,,,,,,,,,,,,,,,,,,
,,,,,,,,,,,,,,,,,,,,,,,
,,,,,,,,,,,,,,,,,,,,,,,
,,,,,,,,,,,,,,,,,,,,,,,
,,,,,,,,,,,,,,,,,,,,,,,
,,,,,,,,,,,,,,,,,,,,,,,
,,,,,,,,,,,,,,,,,,,,,,,
,,,,,,,,,,,,,,,,,,,,,,,
,,,,,,,,,,,,,,,,,,,,,,,
,,,,,,,,,,,,,,,,,,,,,,,
,,,,,,,,,,,,,,,,,,,,,,,
,,,,,,,,,,,,,,,,,,,,,,,
,,,,,,,,,,,,,,,,,,,,,,,
,,,,,,,,,,,,,,,,,,,,,,,
,,,,,,,,,,,,,,,,,,,,,,,
,,,,,,,,,,,,,,,,,,,,,,,
,,,,,,,,,,,,,,,,,,,,,,,
,,,,,,,,,,,,,,,,,,,,,,,
,,,,,,,,,,,,,,,,,,,,,,,
,,,,,,,,,,,,,,,,,,,,,,,
,,,,,,,,,,,,,,,,,,,,,,,
,,,,,,,,,,,,,,,,,,,,,,,
,,,,,,,,,,,,,,,,,,,,,,,
,,,,,,,,,,,,,,,,,,,,,,,
,,,,,,,,,,,,,,,,,,,,,,,
,,,,,,,,,,,,,,,,,,,,,,,
,,,,,,,,,,,,,,,,,,,,,,,
,,,,,,,,,,,,,,,,,,,,,,,
,,,,,,,,,,,,,,,,,,,,,,,
,,,,,,,,,,,,,,,,,,,,,,,
,,,,,,,,,,,,,,,,,,,,,,,
,,,,,,,,,,,,,,,,,,,,,,,
,,,,,,,,,,,,,,,,,,,,,,,
,,,,,,,,,,,,,,,,,,,,,,,
,,,,,,,,,,,,,,,,,,,,,,,
,,,,,,,,,,,,,,,,,,,,,,,
,,,,,,,,,,,,,,,,,,,,,,,
,,,,,,,,,,,,,,,,,,,,,,,
,,,,,,,,,,,,,,,,,,,,,,,
,,,,,,,,,,,,,,,,,,,,,,,
,,,,,,,,,,,,,,,,,,,,,,,
,,,,,,,,,,,,,,,,,,,,,,,
,,,,,,,,,,,,,,,,,,,,,,,
,,,,,,,,,,,,,,,,,,,,,,,
,,,,,,,,,,,,,,,,,,,,,,,
,,,,,,,,,,,,,,,,,,,,,,,
,,,,,,,,,,,,,,,,,,,,,,,
,,,,,,,,,,,,,,,,,,,,,,,
,,,,,,,,,,,,,,,,,,,,,,,
,,,,,,,,,,,,,,,,,,,,,,,
,,,,,,,,,,,,,,,,,,,,,,,
,,,,,,,,,,,,,,,,,,,,,,,
,,,,,,,,,,,,,,,,,,,,,,,
,,,,,,,,,,,,,,,,,,,,,,,
,,,,,,,,,,,,,,,,,,,,,,,
,,,,,,,,,,,,,,,,,,,,,,,
,,,,,,,,,,,,,,,,,,,,,,,
,,,,,,,,,,,,,,,,,,,,,,,
,,,,,,,,,,,,,,,,,,,,,,,
,,,,,,,,,,,,,,,,,,,,,,,
,,,,,,,,,,,,,,,,,,,,,,,
,,,,,,,,,,,,,,,,,,,,,,,
,,,,,,,,,,,,,,,,,,,,,,,
,,,,,,,,,,,,,,,,,,,,,,,
,,,,,,,,,,,,,,,,,,,,,,,
,,,,,,,,,,,,,,,,,,,,,,,
,,,,,,,,,,,,,,,,,,,,,,,
,,,,,,,,,,,,,,,,,,,,,,,
,,,,,,,,,,,,,,,,,,,,,,,
,,,,,,,,,,,,,,,,,,,,,,,
,,,,,,,,,,,,,,,,,,,,,,,
,,,,,,,,,,,,,,,,,,,,,,,
,,,,,,,,,,,,,,,,,,,,,,,
,,,,,,,,,,,,,,,,,,,,,,,
,,,,,,,,,,,,,,,,,,,,,,,
,,,,,,,,,,,,,,,,,,,,,,,
,,,,,,,,,,,,,,,,,,,,,,,
,,,,,,,,,,,,,,,,,,,,,,,
,,,,,,,,,,,,,,,,,,,,,,,
,,,,,,,,,,,,,,,,,,,,,,,
,,,,,,,,,,,,,,,,,,,,,,,
,,,,,,,,,,,,,,,,,,,,,,,
,,,,,,,,,,,,,,,,,,,,,,,
,,,,,,,,,,,,,,,,,,,,,,,
,,,,,,,,,,,,,,,,,,,,,,,
,,,,,,,,,,,,,,,,,,,,,,,
,,,,,,,,,,,,,,,,,,,,,,,
,,,,,,,,,,,,,,,,,,,,,,,
,,,,,,,,,,,,,,,,,,,,,,,
,,,,,,,,,,,,,,,,,,,,,,,
,,,,,,,,,,,,,,,,,,,,,,,
,,,,,,,,,,,,,,,,,,,,,,,
,,,,,,,,,,,,,,,,,,,,,,,
,,,,,,,,,,,,,,,,,,,,,,,
,,,,,,,,,,,,,,,,,,,,,,,
,,,,,,,,,,,,,,,,,,,,,,,
,,,,,,,,,,,,,,,,,,,,,,,
,,,,,,,,,,,,,,,,,,,,,,,
,,,,,,,,,,,,,,,,,,,,,,,
,,,,,,,,,,,,,,,,,,,,,,,
,,,,,,,,,,,,,,,,,,,,,,,
,,,,,,,,,,,,,,,,,,,,,,,
,,,,,,,,,,,,,,,,,,,,,,,
,,,,,,,,,,,,,,,,,,,,,,,
,,,,,,,,,,,,,,,,,,,,,,,
,,,,,,,,,,,,,,,,,,,,,,,
,,,,,,,,,,,,,,,,,,,,,,,
,,,,,,,,,,,,,,,,,,,,,,,
,,,,,,,,,,,,,,,,,,,,,,,
,,,,,,,,,,,,,,,,,,,,,,,
,,,,,,,,,,,,,,,,,,,,,,,
,,,,,,,,,,,,,,,,,,,,,,,
,,,,,,,,,,,,,,,,,,,,,,,
,,,,,,,,,,,,,,,,,,,,,,,
,,,,,,,,,,,,,,,,,,,,,,,
,,,,,,,,,,,,,,,,,,,,,,,
,,,,,,,,,,,,,,,,,,,,,,,
,,,,,,,,,,,,,,,,,,,,,,,
,,,,,,,,,,,,,,,,,,,,,,,
,,,,,,,,,,,,,,,,,,,,,,,
,,,,,,,,,,,,,,,,,,,,,,,
,,,,,,,,,,,,,,,,,,,,,,,
,,,,,,,,,,,,,,,,,,,,,,,
,,,,,,,,,,,,,,,,,,,,,,,
,,,,,,,,,,,,,,,,,,,,,,,
,,,,,,,,,,,,,,,,,,,,,,,
,,,,,,,,,,,,,,,,,,,,,,,
,,,,,,,,,,,,,,,,,,,,,,,
,,,,,,,,,,,,,,,,,,,,,,,
,,,,,,,,,,,,,,,,,,,,,,,
,,,,,,,,,,,,,,,,,,,,,,,
,,,,,,,,,,,,,,,,,,,,,,,
,,,,,,,,,,,,,,,,,,,,,,,
,,,,,,,,,,,,,,,,,,,,,,,
,,,,,,,,,,,,,,,,,,,,,,,
,,,,,,,,,,,,,,,,,,,,,,,
,,,,,,,,,,,,,,,,,,,,,,,
,,,,,,,,,,,,,,,,,,,,,,,
,,,,,,,,,,,,,,,,,,,,,,,
,,,,,,,,,,,,,,,,,,,,,,,
,,,,,,,,,,,,,,,,,,,,,,,
